{
    "RMSE": 2.0063444545663556,
    "MSE": 4.0254180703691675,
    "R2 score": 0.52988487841646,
    "importance_scores": {
        "dataset": 0.8127603207219828,
        "dataset & pipeline": 0.7205511584191795,
        "pipeline": 0.6514854180395143,
        "train_size": 0.591663180709323,
        "dataset & train_size": 0.4421990660098432,
        "QS": 0.4211349281587197,
        "QS & pipeline": 0.4159819487240361,
        "pipeline & train_size": 0.31124460025981054,
        "dataset & QS": 0.2502364893074474,
        "bs": 0.013388744067655198
    }
}